<?xml version="1.0" encoding="ISO-8859-15" standalone="no"?>
<uc-export clientvers="12.1.1+build.9812">
<FolderStruct>
<includeExternalObjects>0</includeExternalObjects>
<FOLD name="PCK.CUSTOM_EXECUTE_LEGACY_SSIS_PACKAGES" title="">
<VARA id="1041267" link="0" name="PCK.CUSTOM_EXECUTE_LEGACY_SSIS_PACKAGES.PUB.VAR.METADATA"/>
<FOLD name="ACTIONS" title="">
<FOLD name="EXECUTE_SSIS_PACKAGE" title="">
<JOBP id="1040277" link="1" name="PCK.CUSTOM_EXECUTE_LEGACY_SSIS_PACKAGES.PUB.ACTION.EXECUTE_LEGACY_SSIS_PACKAGE"/>
</FOLD>
</FOLD>
<FOLD name="CONFIG" title="">
<VARA id="1041268" link="0" name="PCK.CUSTOM_EXECUTE_LEGACY_SSIS_PACKAGES.PUB.PROMPT_EXTERNAL_MAP"/>
</FOLD>
<FOLD name="DOCUMENTATION" title="">
<DOCU id="1041269" link="0" name="PCK.CUSTOM_EXECUTE_LEGACY_SSIS_PACKAGES.PUB.DOC"/>
<DOCU id="1041270" link="0" name="PCK.CUSTOM_EXECUTE_LEGACY_SSIS_PACKAGES.PUB.LICENSES"/>
</FOLD>
<FOLD name="RESOURCES" title="">
<FOLD name="INTERPRETERS" title=""/>
<FOLD name="LIBS" title=""/>
<FOLD name="SCRIPTS" title=""/>
</FOLD>
<FOLD name="SOURCE" title="">
<FOLD name="EXECUTE_LEGACY_SSIS_PACKAGE" title="">
<JOBP id="1040277" link="0" name="PCK.CUSTOM_EXECUTE_LEGACY_SSIS_PACKAGES.PUB.ACTION.EXECUTE_LEGACY_SSIS_PACKAGE"/>
<FOLD name="INTERNAL" title="">
<FOLD name="INCLUDES" title="">
<JOBI id="1040317" link="0" name="PCK.CUSTOM_EXECUTE_LEGACY_SSIS.POSTEXE.INC"/>
</FOLD>
<FOLD name="JOBS" title="">
<JOBS_UNIX id="1040278" link="0" name="PCK.CUSTOM_EXECUTE_LEGACY_SSIS_PACKAGES.PRV.JOB.EXECUTE_LEGACY_SSIS_PACKAGE@UNIX"/>
<JOBS_WINDOWS id="1040279" link="0" name="PCK.CUSTOM_EXECUTE_LEGACY_SSIS_PACKAGES.PRV.JOB.EXECUTE_LEGACY_SSIS_PACKAGE@WINDOWS"/>
</FOLD>
<FOLD name="PROMPTSETS" title="">
<PRPT id="1040280" link="0" name="PCK.CUSTOM_EXECUTE_LEGACY_SSIS_PACKAGES.PRV.PROMPTSET.EXECUTE_LEGACY_SSIS_PACKAGE"/>
</FOLD>
<FOLD name="ROLLBACK" title=""/>
<FOLD name="VARIABLES" title="">
<VARA id="1040289" link="0" name="PCK.CUSTOM_EXECUTE_LEGACY_SSIS.PRST.SOURCE.VARA"/>
<VARA id="1040302" link="0" name="PCK.CUSTOM_EXECUTE_LEGACY_SSIS.PRST.REPORTING.VARA"/>
<VARA id="1041281" link="0" name="PCK.CUSTOM_EXECUTE_LEGACY_SSIS.PRST.ONOFF.VARA"/>
</FOLD>
</FOLD>
</FOLD>
</FOLD>
<FOLD name="TEMPLATES" title=""/>
</FOLD>
</FolderStruct>
<VARA OVD_VRName="FREI" data_type="STATIC" name="PCK.CUSTOM_EXECUTE_LEGACY_SSIS_PACKAGES.PUB.VAR.METADATA" replacementmode="2">
<HEADER state="1">
<Title/>
<ArchiveKey1/>
<ArchiveKey2/>
<OH_SubType>STATIC</OH_SubType>
</HEADER>
<ATTR_VARA state="1">
<Type>C|Text</Type>
<lblSource>Static</lblSource>
<source>STATIC</source>
<VRName>FREI|Freely selected</VRName>
<NotFoundErr>0</NotFoundErr>
<NotFoundDef>1</NotFoundDef>
<ShareN>0</ShareN>
<ShareL>0</ShareL>
<ShareR>0</ShareR>
<MaxValue_C>1024</MaxValue_C>
<CheckMax_C>0</CheckMax_C>
<uppercase>0</uppercase>
<sortColumn>0</sortColumn>
<sortDirection>0</sortDirection>
<HostType/>
</ATTR_VARA>
<VARA state="1">
<Variables>
<row Name="Categories" Value="" Value1="" Value2="" Value3="" Value4=""/>
<row Name="Company" Value="Custom" Value1="" Value2="" Value3="" Value4=""/>
<row Name="Dependencies" Value="PCK.ITPA_SHARED ~&gt; 1.1" Value1="" Value2="" Value3="" Value4=""/>
<row Name="Description" Value="" Value1="" Value2="" Value3="" Value4=""/>
<row Name="Homepage" Value="www.yourcompany.com" Value1="" Value2="" Value3="" Value4=""/>
<row Name="License" Value="" Value1="" Value2="" Value3="" Value4=""/>
<row Name="Name" Value="PCK.CUSTOM_EXECUTE_LEGACY_SSIS_PACKAGES" Value1="" Value2="" Value3="" Value4=""/>
<row Name="Package Format Version" Value="0.3.0" Value1="" Value2="" Value3="" Value4=""/>
<row Name="Restricted To Client" Value="" Value1="" Value2="" Value3="" Value4=""/>
<row Name="Title" Value="Execute Legacy SSIS Packages" Value1="" Value2="" Value3="" Value4=""/>
<row Name="Version" Value="1.0.0" Value1="" Value2="" Value3="" Value4=""/>
<row Name="Action.Builder.Version" Value="3.0.1-7191" Value1="" Value2="" Value3="" Value4=""/>
<row Name="Action.Builder.Library" Value="12.1.1+build.9812" Value1="" Value2="" Value3="" Value4=""/>
<row Name="Action.Builder.Exported" Value="2018-04-05T10:54:10+0200" Value1="" Value2="" Value3="" Value4=""/>
</Variables>
</VARA>
<DOCU_Docu state="1" type="text">
<DOC/>
</DOCU_Docu>
</VARA>
<VARA OVD_VRName="FREI" data_type="STATIC" name="PCK.CUSTOM_EXECUTE_LEGACY_SSIS_PACKAGES.PUB.PROMPT_EXTERNAL_MAP" replacementmode="2">
<HEADER state="1">
<Title/>
<ArchiveKey1/>
<ArchiveKey2/>
<OH_SubType>STATIC</OH_SubType>
</HEADER>
<ATTR_VARA state="1">
<Type>C|Text</Type>
<lblSource>Static</lblSource>
<source>STATIC</source>
<VRName>FREI|Freely selected</VRName>
<NotFoundErr>0</NotFoundErr>
<NotFoundDef>1</NotFoundDef>
<ShareN>0</ShareN>
<ShareL>0</ShareL>
<ShareR>0</ShareR>
<MaxValue_C>1024</MaxValue_C>
<CheckMax_C>0</CheckMax_C>
<uppercase>0</uppercase>
<sortColumn>0</sortColumn>
<sortDirection>0</sortDirection>
<HostType/>
</ATTR_VARA>
<VARA state="1">
<Variables>
<row Name="PCK.CUSTOM_EXECUTE_LEGACY_SSIS_PACKAGES.PUB.ACTION.EXECUTE_LEGACY_SSIS_PACKAGE/AGENT#" Value="&amp;AGENT#" Value1="" Value2="" Value3="" Value4=""/>
<row Name="PCK.CUSTOM_EXECUTE_LEGACY_SSIS_PACKAGES.PUB.ACTION.EXECUTE_LEGACY_SSIS_PACKAGE/LOGIN#" Value="&amp;LOGIN#" Value1="" Value2="" Value3="" Value4=""/>
</Variables>
</VARA>
<DOCU_Docu state="1" type="text">
<DOC/>
</DOCU_Docu>
</VARA>
<DOCU name="PCK.CUSTOM_EXECUTE_LEGACY_SSIS_PACKAGES.PUB.DOC">
<HEADER state="1">
<Title>Pack Documentation</Title>
<ArchiveKey1/>
<ArchiveKey2/>
<OH_SubType/>
</HEADER>
<DOCU_Docu state="1" type="text">
<DOC/>
</DOCU_Docu>
</DOCU>
<DOCU name="PCK.CUSTOM_EXECUTE_LEGACY_SSIS_PACKAGES.PUB.LICENSES">
<HEADER state="1">
<Title/>
<ArchiveKey1/>
<ArchiveKey2/>
<OH_SubType/>
</HEADER>
<DOCU_Docu state="1" type="text">
<DOC/>
</DOCU_Docu>
</DOCU>
<JOBP AllowExternal="1" name="PCK.CUSTOM_EXECUTE_LEGACY_SSIS_PACKAGES.PUB.ACTION.EXECUTE_LEGACY_SSIS_PACKAGE">
<XHEADER state="1">
<Title>Execute DTS SSIS Package</Title>
<ArchiveKey1/>
<ArchiveKey2/>
<Active>1</Active>
<OH_SubType/>
<CustomAttributes KeyListID="0" dataRequestID="0"/>
</XHEADER>
<SYNCREF state="1">
<Syncs/>
</SYNCREF>
<ATTR_JOBP state="1">
<Queue>CLIENT_QUEUE</Queue>
<ChildQueue>*OWN</ChildQueue>
<StartType/>
<ExtRepDef>1</ExtRepDef>
<ExtRepAll>0</ExtRepAll>
<ExtRepNone>0</ExtRepNone>
<IntAccount/>
<AutoDeactNo>0</AutoDeactNo>
<AutoDeact1ErrorFree>0</AutoDeact1ErrorFree>
<AutoDeactErrorFree>1</AutoDeactErrorFree>
<DeactWhen>ANY_OK</DeactWhen>
<AutoDeactAlways>0</AutoDeactAlways>
<DeactDelay>0</DeactDelay>
<ActAtRun>1</ActAtRun>
<UC4Priority>0</UC4Priority>
<PassPriority>0</PassPriority>
<MaxParallel2>0</MaxParallel2>
<ReuseHG>1</ReuseHG>
<MpElse1>1</MpElse1>
<MpElse2>0</MpElse2>
<TZ/>
<RWhen/>
<RExecute/>
<JPA_SubType/>
</ATTR_JOBP>
<JOBP state="1">
<JobpStruct mode="design">
<task Alias="" BranchType="0" Col="1" Lnr="1" OType="&lt;START&gt;" Object="START" ParentAlias="" ParentObject="" Row="2" Text2="">
<checkpoint RollbackFlag="0" RunPerPatch="0" RunPerTarget="0" TcpADays="0" TcpATime="00:00" TcpATimeTZ="" TcpExecute="" TcpOn="0" promptatgen="0" showprompt="0"/>
<after ActFlg="1" AtimOn="0" ErlstStDays="0" ErlstStTime="00:00" ErlstStTimeTZ="" HoldFlg="0"/>
<when ChkWhenExec="0" LtstEnd="0" LtstEndDays="0" LtstEndTime="00:00" LtstSt="0" LtstStDays="0" LtstStTime="00:00" LtstTimeTZ="" WCTypeAND="1" WCTypeOR="0" WElseA="0" WElseH="0" WElseS="1" WElseX="0" WhenExecute="" WtimOn="0"/>
<preconditions>
<PreCon>
<conditions id="CONDITIONS"/>
</PreCon>
</preconditions>
<predecessors/>
<runtime MrtCancel="0" MrtDays="0" MrtErt="0" MrtExecute="0" MrtExecuteObj="" MrtFix="0" MrtMethodDate="0" MrtMethodErt="0" MrtMethodFix="0" MrtMethodNone="1" MrtOn="1" MrtTZ="" MrtTime="00:00" SrtErt="0" SrtFix="0" SrtMethodErt="0" SrtMethodFix="0" SrtMethodNone="1"/>
<result ChkRExec="0" RElseHalt="0" RElseIgn="0" RElseJPAbend="0" RExecFlag="0" RExecute="" RRepMTimes="0" RRepOn="0" RRepWait="0" RWhen=""/>
<dynvalues>
<dyntree>
<node content="1" id="PCK.CUSTOM_EXECUTE_LEGACY_SSIS_PACKAGES.PRV.PROMPTSET.EXECUTE_LEGACY_SSIS_PACKAGE" name="PCK.CUSTOM_EXECUTE_LEGACY_SSIS_PACKAGES.PRV.PROMPTSET.EXECUTE_LEGACY_SSIS_PACKAGE" parent="PPRPTS" type="PPROMPTSET">
<PROMPTSET name="PCK.CUSTOM_EXECUTE_LEGACY_SSIS_PACKAGES.PRV.PROMPTSET.EXECUTE_LEGACY_SSIS_PACKAGE">
<PRPTBOX promptset="PCK.CUSTOM_EXECUTE_LEGACY_SSIS_PACKAGES.PRV.PROMPTSET.EXECUTE_LEGACY_SSIS_PACKAGE">
<SSIS_CHECKPOINTINGs.00 ReadFromTable="OPUD" altview="0" haslist="0" msginsert="" msgnr="" promptname="SSIS_CHECKPOINTING#" promptsetname="PCK.CUSTOM_EXECUTE_LEGACY_SSIS_PACKAGES.PRV.PROMPTSET.EXECUTE_LEGACY_SSIS_PACKAGE">off</SSIS_CHECKPOINTINGs.00>
<SSIS_CONSOLELOGs.00 ReadFromTable="OPUD" altview="0" haslist="0" msginsert="" msgnr="" promptname="SSIS_CONSOLELOG#" promptsetname="PCK.CUSTOM_EXECUTE_LEGACY_SSIS_PACKAGES.PRV.PROMPTSET.EXECUTE_LEGACY_SSIS_PACKAGE">off</SSIS_CONSOLELOGs.00>
<SSIS_OTHERs.00 ReadFromTable="OPUD" altview="0" haslist="0" msginsert="" msgnr="" promptname="SSIS_OTHER#" promptsetname="PCK.CUSTOM_EXECUTE_LEGACY_SSIS_PACKAGES.PRV.PROMPTSET.EXECUTE_LEGACY_SSIS_PACKAGE"/>
<SSIS_PKGs.00 ReadFromTable="OPUD" altview="0" haslist="0" msginsert="" msgnr="" promptname="SSIS_PKG#" promptsetname="PCK.CUSTOM_EXECUTE_LEGACY_SSIS_PACKAGES.PRV.PROMPTSET.EXECUTE_LEGACY_SSIS_PACKAGE"/>
<SSIS_REPORTINGs.00 ReadFromTable="OPUD" altview="0" haslist="0" msginsert="" msgnr="" promptname="SSIS_REPORTING#" promptsetname="PCK.CUSTOM_EXECUTE_LEGACY_SSIS_PACKAGES.PRV.PROMPTSET.EXECUTE_LEGACY_SSIS_PACKAGE">Default</SSIS_REPORTINGs.00>
<SSIS_SERVERs.00 ReadFromTable="OPUD" altview="0" haslist="0" msginsert="" msgnr="" promptname="SSIS_SERVER#" promptsetname="PCK.CUSTOM_EXECUTE_LEGACY_SSIS_PACKAGES.PRV.PROMPTSET.EXECUTE_LEGACY_SSIS_PACKAGE"/>
<SSIS_SOURCEs.00 ReadFromTable="OPUD" altview="0" haslist="0" msginsert="" msgnr="" promptname="SSIS_SOURCE#" promptsetname="PCK.CUSTOM_EXECUTE_LEGACY_SSIS_PACKAGES.PRV.PROMPTSET.EXECUTE_LEGACY_SSIS_PACKAGE">SSIS Package Store</SSIS_SOURCEs.00>
</PRPTBOX>
</PROMPTSET>
</node>
<node content="1" id="PCK.ITPA_SHARED.PRV.PROMPTSET.OVERWRITE_AGENT" name="PCK.ITPA_SHARED.PRV.PROMPTSET.OVERWRITE_AGENT" parent="PPRPTS" type="PPROMPTSET">
<PROMPTSET name="PCK.ITPA_SHARED.PRV.PROMPTSET.OVERWRITE_AGENT">
<PRPTBOX promptset="PCK.ITPA_SHARED.PRV.PROMPTSET.OVERWRITE_AGENT">
<AGENTs.00 ReadFromTable="OPUD" altview="0" haslist="0" msginsert="" msgnr="" promptname="AGENT#" promptsetname="PCK.ITPA_SHARED.PRV.PROMPTSET.OVERWRITE_AGENT"/>
<LOGINs.00 ReadFromTable="OPUD" altview="0" haslist="0" msginsert="" msgnr="" promptname="LOGIN#" promptsetname="PCK.ITPA_SHARED.PRV.PROMPTSET.OVERWRITE_AGENT"/>
</PRPTBOX>
</PROMPTSET>
</node>
</dyntree>
</dynvalues>
<CIT/>
<calendars CCTypeAll="0" CCTypeExt="0" CCTypeNone="0" CCTypeOne="1" CaleOn="0"/>
<postconditions>
<PostCon>
<conditions id="CONDITIONS"/>
</PostCon>
</postconditions>
</task>
<task Alias="" BranchType="0" Col="2" Lnr="2" OType="JOBS" Object="PCK.CUSTOM_EXECUTE_LEGACY_SSIS_PACKAGES.PRV.JOB.EXECUTE_LEGACY_SSIS_PACKAGE@WINDOWS" ParentAlias="" ParentObject="" Row="1" Text2="">
<checkpoint RollbackFlag="0" RunPerPatch="0" RunPerTarget="0" TcpADays="0" TcpATime="00:00" TcpATimeTZ="" TcpExecute="" TcpOn="0" promptatgen="0" showprompt="0"/>
<after ActFlg="1" AtimOn="0" ErlstStDays="0" ErlstStTime="00:00" ErlstStTimeTZ="" HoldFlg="0"/>
<when ChkWhenExec="0" LtstEnd="0" LtstEndDays="0" LtstEndTime="00:00" LtstSt="0" LtstStDays="0" LtstStTime="00:00" LtstTimeTZ="" WCTypeAND="1" WCTypeOR="0" WElseA="1" WElseH="0" WElseS="0" WElseX="0" WhenExecute="" WtimOn="0"/>
<preconditions>
<PreCon>
<conditions id="CONDITIONS"/>
</PreCon>
</preconditions>
<predecessors>
<pre BranchType="0" Lnr="1" PreLnr="1" When="ANY_OK" type="container"/>
</predecessors>
<runtime MrtCancel="0" MrtDays="0" MrtErt="0" MrtExecute="0" MrtExecuteObj="" MrtFix="0" MrtMethodDate="0" MrtMethodErt="0" MrtMethodFix="0" MrtMethodNone="1" MrtOn="1" MrtTZ="" MrtTime="00:00" SrtErt="0" SrtFix="0" SrtMethodErt="0" SrtMethodFix="0" SrtMethodNone="1"/>
<result ChkRExec="0" RElseHalt="0" RElseIgn="0" RElseJPAbend="0" RExecFlag="0" RExecute="" RRepMTimes="0" RRepOn="0" RRepWait="0" RWhen=""/>
<dynvalues>
<dyntree>
<node content="1" id="VALUE" name="Variables" parent="" type="TASKVALUE">
<VALUE state="2">
<Values/>
<Mode>0</Mode>
</VALUE>
</node>
<node content="1" id="PVALUE" name="Parent Variables" parent="" type="TASKVALUE">
<VALUE state="2">
<Values/>
<Mode>0</Mode>
</VALUE>
</node>
<node content="1" id="PRPTS" name="PromptSets" parent="" pref="1" type="PROMPTSET"/>
<node content="0" id="PPRPTS" name="Parent PromptSets" parent="" type="PPROMPTSET"/>
<node content="1" id="PCK.CUSTOM_EXECUTE_LEGACY_SSIS_PACKAGES.PRV.PROMPTSET.EXECUTE_LEGACY_SSIS_PACKAGE" name="PCK.CUSTOM_EXECUTE_LEGACY_SSIS_PACKAGES.PRV.PROMPTSET.EXECUTE_LEGACY_SSIS_PACKAGE" parent="PPRPTS" type="PPROMPTSET">
<PROMPTSET name="PCK.CUSTOM_EXECUTE_LEGACY_SSIS_PACKAGES.PRV.PROMPTSET.EXECUTE_LEGACY_SSIS_PACKAGE">
<PRPTBOX promptset="PCK.CUSTOM_EXECUTE_LEGACY_SSIS_PACKAGES.PRV.PROMPTSET.EXECUTE_LEGACY_SSIS_PACKAGE">
<SSIS_CHECKPOINTINGs.00 ReadFromTable="OPUD" altview="0" haslist="0" msginsert="" msgnr="" promptname="SSIS_CHECKPOINTING#" promptsetname="PCK.CUSTOM_EXECUTE_LEGACY_SSIS_PACKAGES.PRV.PROMPTSET.EXECUTE_LEGACY_SSIS_PACKAGE">off</SSIS_CHECKPOINTINGs.00>
<SSIS_CONSOLELOGs.00 ReadFromTable="OPUD" altview="0" haslist="0" msginsert="" msgnr="" promptname="SSIS_CONSOLELOG#" promptsetname="PCK.CUSTOM_EXECUTE_LEGACY_SSIS_PACKAGES.PRV.PROMPTSET.EXECUTE_LEGACY_SSIS_PACKAGE">off</SSIS_CONSOLELOGs.00>
<SSIS_OTHERs.00 ReadFromTable="OPUD" altview="0" haslist="0" msginsert="" msgnr="" promptname="SSIS_OTHER#" promptsetname="PCK.CUSTOM_EXECUTE_LEGACY_SSIS_PACKAGES.PRV.PROMPTSET.EXECUTE_LEGACY_SSIS_PACKAGE"/>
<SSIS_PKGs.00 ReadFromTable="OPUD" altview="0" haslist="0" msginsert="" msgnr="" promptname="SSIS_PKG#" promptsetname="PCK.CUSTOM_EXECUTE_LEGACY_SSIS_PACKAGES.PRV.PROMPTSET.EXECUTE_LEGACY_SSIS_PACKAGE"/>
<SSIS_REPORTINGs.00 ReadFromTable="OPUD" altview="0" haslist="0" msginsert="" msgnr="" promptname="SSIS_REPORTING#" promptsetname="PCK.CUSTOM_EXECUTE_LEGACY_SSIS_PACKAGES.PRV.PROMPTSET.EXECUTE_LEGACY_SSIS_PACKAGE">Default</SSIS_REPORTINGs.00>
<SSIS_SERVERs.00 ReadFromTable="OPUD" altview="0" haslist="0" msginsert="" msgnr="" promptname="SSIS_SERVER#" promptsetname="PCK.CUSTOM_EXECUTE_LEGACY_SSIS_PACKAGES.PRV.PROMPTSET.EXECUTE_LEGACY_SSIS_PACKAGE"/>
<SSIS_SOURCEs.00 ReadFromTable="OPUD" altview="0" haslist="0" msginsert="" msgnr="" promptname="SSIS_SOURCE#" promptsetname="PCK.CUSTOM_EXECUTE_LEGACY_SSIS_PACKAGES.PRV.PROMPTSET.EXECUTE_LEGACY_SSIS_PACKAGE">SSIS Package Store</SSIS_SOURCEs.00>
</PRPTBOX>
</PROMPTSET>
</node>
<node content="1" id="PCK.ITPA_SHARED.PRV.PROMPTSET.OVERWRITE_AGENT" name="PCK.ITPA_SHARED.PRV.PROMPTSET.OVERWRITE_AGENT" parent="PPRPTS" type="PPROMPTSET">
<PROMPTSET name="PCK.ITPA_SHARED.PRV.PROMPTSET.OVERWRITE_AGENT">
<PRPTBOX promptset="PCK.ITPA_SHARED.PRV.PROMPTSET.OVERWRITE_AGENT">
<AGENTs.00 ReadFromTable="OPUD" altview="0" haslist="0" msginsert="" msgnr="" promptname="AGENT#" promptsetname="PCK.ITPA_SHARED.PRV.PROMPTSET.OVERWRITE_AGENT"/>
<LOGINs.00 ReadFromTable="OPUD" altview="0" haslist="0" msginsert="" msgnr="" promptname="LOGIN#" promptsetname="PCK.ITPA_SHARED.PRV.PROMPTSET.OVERWRITE_AGENT"/>
</PRPTBOX>
</PROMPTSET>
</node>
</dyntree>
</dynvalues>
<CIT/>
<calendars CCTypeAll="0" CCTypeExt="0" CCTypeNone="0" CCTypeOne="1" CaleOn="0"/>
<postconditions>
<PostCon>
<conditions id="CONDITIONS"/>
</PostCon>
</postconditions>
</task>
<task Alias="" BranchType="0" Col="2" Lnr="3" OType="JOBS" Object="PCK.CUSTOM_EXECUTE_LEGACY_SSIS_PACKAGES.PRV.JOB.EXECUTE_LEGACY_SSIS_PACKAGE@UNIX" ParentAlias="" ParentObject="" Row="3" Text2="">
<checkpoint RollbackFlag="0" RunPerPatch="0" RunPerTarget="0" TcpADays="0" TcpATime="00:00" TcpATimeTZ="" TcpExecute="" TcpOn="0" promptatgen="0" showprompt="0"/>
<after ActFlg="1" AtimOn="0" ErlstStDays="0" ErlstStTime="00:00" ErlstStTimeTZ="" HoldFlg="0"/>
<when ChkWhenExec="0" LtstEnd="0" LtstEndDays="0" LtstEndTime="00:00" LtstSt="0" LtstStDays="0" LtstStTime="00:00" LtstTimeTZ="" WCTypeAND="1" WCTypeOR="0" WElseA="1" WElseH="0" WElseS="0" WElseX="0" WhenExecute="" WtimOn="0"/>
<preconditions>
<PreCon>
<conditions id="CONDITIONS"/>
</PreCon>
</preconditions>
<predecessors>
<pre BranchType="0" Lnr="1" PreLnr="1" When="ANY_OK" type="container"/>
</predecessors>
<runtime MrtCancel="0" MrtDays="0" MrtErt="0" MrtExecute="0" MrtExecuteObj="" MrtFix="0" MrtMethodDate="0" MrtMethodErt="0" MrtMethodFix="0" MrtMethodNone="1" MrtOn="1" MrtTZ="" MrtTime="00:00" SrtErt="0" SrtFix="0" SrtMethodErt="0" SrtMethodFix="0" SrtMethodNone="1"/>
<result ChkRExec="0" RElseHalt="0" RElseIgn="0" RElseJPAbend="0" RExecFlag="0" RExecute="" RRepMTimes="0" RRepOn="0" RRepWait="0" RWhen=""/>
<dynvalues>
<dyntree>
<node content="1" id="VALUE" name="Variables" parent="" type="TASKVALUE">
<VALUE state="2">
<Values/>
<Mode>0</Mode>
</VALUE>
</node>
<node content="1" id="PVALUE" name="Parent Variables" parent="" type="TASKVALUE">
<VALUE state="2">
<Values/>
<Mode>0</Mode>
</VALUE>
</node>
<node content="1" id="PRPTS" name="PromptSets" parent="" pref="1" type="PROMPTSET"/>
<node content="0" id="PPRPTS" name="Parent PromptSets" parent="" type="PPROMPTSET"/>
<node content="1" id="PCK.CUSTOM_EXECUTE_LEGACY_SSIS_PACKAGES.PRV.PROMPTSET.EXECUTE_LEGACY_SSIS_PACKAGE" name="PCK.CUSTOM_EXECUTE_LEGACY_SSIS_PACKAGES.PRV.PROMPTSET.EXECUTE_LEGACY_SSIS_PACKAGE" parent="PPRPTS" type="PPROMPTSET">
<PROMPTSET name="PCK.CUSTOM_EXECUTE_LEGACY_SSIS_PACKAGES.PRV.PROMPTSET.EXECUTE_LEGACY_SSIS_PACKAGE">
<PRPTBOX promptset="PCK.CUSTOM_EXECUTE_LEGACY_SSIS_PACKAGES.PRV.PROMPTSET.EXECUTE_LEGACY_SSIS_PACKAGE">
<SSIS_CHECKPOINTINGs.00 ReadFromTable="OPUD" altview="0" haslist="0" msginsert="" msgnr="" promptname="SSIS_CHECKPOINTING#" promptsetname="PCK.CUSTOM_EXECUTE_LEGACY_SSIS_PACKAGES.PRV.PROMPTSET.EXECUTE_LEGACY_SSIS_PACKAGE">off</SSIS_CHECKPOINTINGs.00>
<SSIS_CONSOLELOGs.00 ReadFromTable="OPUD" altview="0" haslist="0" msginsert="" msgnr="" promptname="SSIS_CONSOLELOG#" promptsetname="PCK.CUSTOM_EXECUTE_LEGACY_SSIS_PACKAGES.PRV.PROMPTSET.EXECUTE_LEGACY_SSIS_PACKAGE">off</SSIS_CONSOLELOGs.00>
<SSIS_OTHERs.00 ReadFromTable="OPUD" altview="0" haslist="0" msginsert="" msgnr="" promptname="SSIS_OTHER#" promptsetname="PCK.CUSTOM_EXECUTE_LEGACY_SSIS_PACKAGES.PRV.PROMPTSET.EXECUTE_LEGACY_SSIS_PACKAGE"/>
<SSIS_PKGs.00 ReadFromTable="OPUD" altview="0" haslist="0" msginsert="" msgnr="" promptname="SSIS_PKG#" promptsetname="PCK.CUSTOM_EXECUTE_LEGACY_SSIS_PACKAGES.PRV.PROMPTSET.EXECUTE_LEGACY_SSIS_PACKAGE"/>
<SSIS_REPORTINGs.00 ReadFromTable="OPUD" altview="0" haslist="0" msginsert="" msgnr="" promptname="SSIS_REPORTING#" promptsetname="PCK.CUSTOM_EXECUTE_LEGACY_SSIS_PACKAGES.PRV.PROMPTSET.EXECUTE_LEGACY_SSIS_PACKAGE">Default</SSIS_REPORTINGs.00>
<SSIS_SERVERs.00 ReadFromTable="OPUD" altview="0" haslist="0" msginsert="" msgnr="" promptname="SSIS_SERVER#" promptsetname="PCK.CUSTOM_EXECUTE_LEGACY_SSIS_PACKAGES.PRV.PROMPTSET.EXECUTE_LEGACY_SSIS_PACKAGE"/>
<SSIS_SOURCEs.00 ReadFromTable="OPUD" altview="0" haslist="0" msginsert="" msgnr="" promptname="SSIS_SOURCE#" promptsetname="PCK.CUSTOM_EXECUTE_LEGACY_SSIS_PACKAGES.PRV.PROMPTSET.EXECUTE_LEGACY_SSIS_PACKAGE">SSIS Package Store</SSIS_SOURCEs.00>
</PRPTBOX>
</PROMPTSET>
</node>
<node content="1" id="PCK.ITPA_SHARED.PRV.PROMPTSET.OVERWRITE_AGENT" name="PCK.ITPA_SHARED.PRV.PROMPTSET.OVERWRITE_AGENT" parent="PPRPTS" type="PPROMPTSET">
<PROMPTSET name="PCK.ITPA_SHARED.PRV.PROMPTSET.OVERWRITE_AGENT">
<PRPTBOX promptset="PCK.ITPA_SHARED.PRV.PROMPTSET.OVERWRITE_AGENT">
<AGENTs.00 ReadFromTable="OPUD" altview="0" haslist="0" msginsert="" msgnr="" promptname="AGENT#" promptsetname="PCK.ITPA_SHARED.PRV.PROMPTSET.OVERWRITE_AGENT"/>
<LOGINs.00 ReadFromTable="OPUD" altview="0" haslist="0" msginsert="" msgnr="" promptname="LOGIN#" promptsetname="PCK.ITPA_SHARED.PRV.PROMPTSET.OVERWRITE_AGENT"/>
</PRPTBOX>
</PROMPTSET>
</node>
</dyntree>
</dynvalues>
<CIT/>
<calendars CCTypeAll="0" CCTypeExt="0" CCTypeNone="0" CCTypeOne="1" CaleOn="0"/>
<postconditions>
<PostCon>
<conditions id="CONDITIONS"/>
</PostCon>
</postconditions>
</task>
<task Alias="" BranchType="0" Col="3" Lnr="4" OType="&lt;END&gt;" Object="END" ParentAlias="" ParentObject="" Row="2" Text2="">
<checkpoint RollbackFlag="0" RunPerPatch="0" RunPerTarget="0" TcpADays="0" TcpATime="00:00" TcpATimeTZ="" TcpExecute="" TcpOn="0" promptatgen="0" showprompt="0"/>
<after ActFlg="1" AtimOn="0" ErlstStDays="0" ErlstStTime="00:00" ErlstStTimeTZ="" HoldFlg="0"/>
<when ChkWhenExec="0" LtstEnd="0" LtstEndDays="0" LtstEndTime="00:00" LtstSt="0" LtstStDays="0" LtstStTime="00:00" LtstTimeTZ="" WCTypeAND="1" WCTypeOR="0" WElseA="1" WElseH="0" WElseS="0" WElseX="0" WhenExecute="" WtimOn="0"/>
<preconditions>
<PreCon>
<conditions id="CONDITIONS"/>
</PreCon>
</preconditions>
<predecessors>
<pre BranchType="0" Lnr="1" PreLnr="3" When="ANY_OK" type="container"/>
<pre BranchType="0" Lnr="2" PreLnr="2" When="ANY_OK" type="container"/>
</predecessors>
<runtime MrtCancel="0" MrtDays="0" MrtErt="0" MrtExecute="0" MrtExecuteObj="" MrtFix="0" MrtMethodDate="0" MrtMethodErt="0" MrtMethodFix="0" MrtMethodNone="1" MrtOn="1" MrtTZ="" MrtTime="00:00" SrtErt="0" SrtFix="0" SrtMethodErt="0" SrtMethodFix="0" SrtMethodNone="1"/>
<result ChkRExec="0" RElseHalt="0" RElseIgn="0" RElseJPAbend="0" RExecFlag="0" RExecute="" RRepMTimes="0" RRepOn="0" RRepWait="0" RWhen=""/>
<dynvalues>
<dyntree>
<node content="1" id="PCK.CUSTOM_EXECUTE_LEGACY_SSIS_PACKAGES.PRV.PROMPTSET.EXECUTE_LEGACY_SSIS_PACKAGE" name="PCK.CUSTOM_EXECUTE_LEGACY_SSIS_PACKAGES.PRV.PROMPTSET.EXECUTE_LEGACY_SSIS_PACKAGE" parent="PPRPTS" type="PPROMPTSET">
<PROMPTSET name="PCK.CUSTOM_EXECUTE_LEGACY_SSIS_PACKAGES.PRV.PROMPTSET.EXECUTE_LEGACY_SSIS_PACKAGE">
<PRPTBOX promptset="PCK.CUSTOM_EXECUTE_LEGACY_SSIS_PACKAGES.PRV.PROMPTSET.EXECUTE_LEGACY_SSIS_PACKAGE">
<SSIS_CHECKPOINTINGs.00 ReadFromTable="OPUD" altview="0" haslist="0" msginsert="" msgnr="" promptname="SSIS_CHECKPOINTING#" promptsetname="PCK.CUSTOM_EXECUTE_LEGACY_SSIS_PACKAGES.PRV.PROMPTSET.EXECUTE_LEGACY_SSIS_PACKAGE">off</SSIS_CHECKPOINTINGs.00>
<SSIS_CONSOLELOGs.00 ReadFromTable="OPUD" altview="0" haslist="0" msginsert="" msgnr="" promptname="SSIS_CONSOLELOG#" promptsetname="PCK.CUSTOM_EXECUTE_LEGACY_SSIS_PACKAGES.PRV.PROMPTSET.EXECUTE_LEGACY_SSIS_PACKAGE">off</SSIS_CONSOLELOGs.00>
<SSIS_OTHERs.00 ReadFromTable="OPUD" altview="0" haslist="0" msginsert="" msgnr="" promptname="SSIS_OTHER#" promptsetname="PCK.CUSTOM_EXECUTE_LEGACY_SSIS_PACKAGES.PRV.PROMPTSET.EXECUTE_LEGACY_SSIS_PACKAGE"/>
<SSIS_PKGs.00 ReadFromTable="OPUD" altview="0" haslist="0" msginsert="" msgnr="" promptname="SSIS_PKG#" promptsetname="PCK.CUSTOM_EXECUTE_LEGACY_SSIS_PACKAGES.PRV.PROMPTSET.EXECUTE_LEGACY_SSIS_PACKAGE"/>
<SSIS_REPORTINGs.00 ReadFromTable="OPUD" altview="0" haslist="0" msginsert="" msgnr="" promptname="SSIS_REPORTING#" promptsetname="PCK.CUSTOM_EXECUTE_LEGACY_SSIS_PACKAGES.PRV.PROMPTSET.EXECUTE_LEGACY_SSIS_PACKAGE">Default</SSIS_REPORTINGs.00>
<SSIS_SERVERs.00 ReadFromTable="OPUD" altview="0" haslist="0" msginsert="" msgnr="" promptname="SSIS_SERVER#" promptsetname="PCK.CUSTOM_EXECUTE_LEGACY_SSIS_PACKAGES.PRV.PROMPTSET.EXECUTE_LEGACY_SSIS_PACKAGE"/>
<SSIS_SOURCEs.00 ReadFromTable="OPUD" altview="0" haslist="0" msginsert="" msgnr="" promptname="SSIS_SOURCE#" promptsetname="PCK.CUSTOM_EXECUTE_LEGACY_SSIS_PACKAGES.PRV.PROMPTSET.EXECUTE_LEGACY_SSIS_PACKAGE">SSIS Package Store</SSIS_SOURCEs.00>
</PRPTBOX>
</PROMPTSET>
</node>
<node content="1" id="PCK.ITPA_SHARED.PRV.PROMPTSET.OVERWRITE_AGENT" name="PCK.ITPA_SHARED.PRV.PROMPTSET.OVERWRITE_AGENT" parent="PPRPTS" type="PPROMPTSET">
<PROMPTSET name="PCK.ITPA_SHARED.PRV.PROMPTSET.OVERWRITE_AGENT">
<PRPTBOX promptset="PCK.ITPA_SHARED.PRV.PROMPTSET.OVERWRITE_AGENT">
<AGENTs.00 ReadFromTable="OPUD" altview="0" haslist="0" msginsert="" msgnr="" promptname="AGENT#" promptsetname="PCK.ITPA_SHARED.PRV.PROMPTSET.OVERWRITE_AGENT"/>
<LOGINs.00 ReadFromTable="OPUD" altview="0" haslist="0" msginsert="" msgnr="" promptname="LOGIN#" promptsetname="PCK.ITPA_SHARED.PRV.PROMPTSET.OVERWRITE_AGENT"/>
</PRPTBOX>
</PROMPTSET>
</node>
</dyntree>
</dynvalues>
<CIT/>
<calendars CCTypeAll="0" CCTypeExt="0" CCTypeNone="0" CCTypeOne="1" CaleOn="0"/>
<postconditions>
<PostCon>
<conditions id="CONDITIONS"/>
</PostCon>
</postconditions>
</task>
<OPTIONS/>
</JobpStruct>
</JOBP>
<RUNTIME state="1">
<MaxRetCode>0</MaxRetCode>
<MrcExecute/>
<MrcElseE>0</MrcElseE>
<FcstStatus>0| |</FcstStatus>
<Ert>2</Ert>
<ErtMethodDef>1</ErtMethodDef>
<ErtMethodFix>0</ErtMethodFix>
<ErtFix>0</ErtFix>
<ErtDynMethod>2|Average</ErtDynMethod>
<ErtMethodDyn>0</ErtMethodDyn>
<ErtCnt>0</ErtCnt>
<ErtCorr>0</ErtCorr>
<ErtIgn>0</ErtIgn>
<ErtIgnFlg>0</ErtIgnFlg>
<ErtMinCnt>0</ErtMinCnt>
<MrtMethodNone>1</MrtMethodNone>
<MrtMethodFix>0</MrtMethodFix>
<MrtFix>0</MrtFix>
<MrtMethodErt>0</MrtMethodErt>
<MrtErt>0</MrtErt>
<MrtMethodDate>0</MrtMethodDate>
<MrtDays>0</MrtDays>
<MrtTime>00:00</MrtTime>
<MrtTZ/>
<SrtMethodNone>1</SrtMethodNone>
<SrtMethodFix>0</SrtMethodFix>
<SrtFix>0</SrtFix>
<SrtMethodErt>0</SrtMethodErt>
<SrtErt>0</SrtErt>
<MrtCancel>0</MrtCancel>
<MrtExecute>0</MrtExecute>
<MrtExecuteObj/>
</RUNTIME>
<DYNVALUES state="1">
<dyntree>
<node content="1" id="VALUE" name="Variables" parent="" type="VALUE">
<VALUE state="1">
<Values/>
<Mode>0</Mode>
</VALUE>
</node>
<node content="1" id="PCK.CUSTOM_EXECUTE_LEGACY_SSIS_PACKAGES.PRV.PROMPTSET.EXECUTE_LEGACY_SSIS_PACKAGE" name="PCK.CUSTOM_EXECUTE_LEGACY_SSIS_PACKAGES.PRV.PROMPTSET.EXECUTE_LEGACY_SSIS_PACKAGE" parent="PRPTS" type="PROMPTSET">
<PROMPTSET name="PCK.CUSTOM_EXECUTE_LEGACY_SSIS_PACKAGES.PRV.PROMPTSET.EXECUTE_LEGACY_SSIS_PACKAGE" ontop="1">
<PRPTBOX promptset="PCK.CUSTOM_EXECUTE_LEGACY_SSIS_PACKAGES.PRV.PROMPTSET.EXECUTE_LEGACY_SSIS_PACKAGE" prptmode="1">
<SSIS_SOURCEs.00 altview="0" haslist="0">SSIS Package Store</SSIS_SOURCEs.00>
<SSIS_SERVERs.00 altview="0" haslist="0"/>
<SSIS_PKGs.00 altview="0" haslist="0"/>
<SSIS_CHECKPOINTINGs.00 altview="0" haslist="0">off</SSIS_CHECKPOINTINGs.00>
<SSIS_OTHERs.00 altview="0" haslist="0"/>
<SSIS_REPORTINGs.00 altview="0" haslist="0">Default</SSIS_REPORTINGs.00>
<SSIS_CONSOLELOGs.00 altview="0" haslist="0">off</SSIS_CONSOLELOGs.00>
</PRPTBOX>
</PROMPTSET>
</node>
<node content="1" id="PCK.ITPA_SHARED.PRV.PROMPTSET.OVERWRITE_AGENT" name="PCK.ITPA_SHARED.PRV.PROMPTSET.OVERWRITE_AGENT" parent="PRPTS" type="PROMPTSET">
<PROMPTSET name="PCK.ITPA_SHARED.PRV.PROMPTSET.OVERWRITE_AGENT" ontop="1">
<PRPTBOX promptset="PCK.ITPA_SHARED.PRV.PROMPTSET.OVERWRITE_AGENT" prptmode="1">
<AGENTs.00 altview="0" haslist="0"/>
<LOGINs.00 altview="0" haslist="0"/>
</PRPTBOX>
</PROMPTSET>
</node>
</dyntree>
</DYNVALUES>
<DEPLOYMENT state="1">
<DeploymentFlag>0</DeploymentFlag>
<WFTypeA>1</WFTypeA>
<WFTypeC>0</WFTypeC>
<AppName/>
<WFName/>
<ComponentName/>
</DEPLOYMENT>
<ROLLBACK state="1">
<RollbackFlag>0</RollbackFlag>
<CBackupObj/>
<CRollbackObj/>
<FBackupPath/>
<FDeleteBefore>0</FDeleteBefore>
<FInclSubDirs>0</FInclSubDirs>
</ROLLBACK>
<SCRIPT mode="1" state="1">
<MSCRI/>
</SCRIPT>
<DOCU_Docu state="1" type="text">
<DOC/>
</DOCU_Docu>
</JOBP>
<JOBI name="PCK.CUSTOM_EXECUTE_LEGACY_SSIS.POSTEXE.INC">
<HEADER state="1">
<Title/>
<ArchiveKey1/>
<ArchiveKey2/>
<OH_SubType/>
</HEADER>
<SCRIPT mode="1" state="1">
<MSCRI><![CDATA[:SWITCH &$PLATFORM#
:CASE "WINDOWS"
IF %ERRORLEVEL% EQU 0 (
:INC PCK.ITPA_SHARED.PRV.INCLUDE.LOGGING.INFO
  echo.
)ELSE (
:INC PCK.ITPA_SHARED.PRV.INCLUDE.LOGGING.ERROR
  echo.
)
:INC PCK.ITPA_SHARED.PRV.INCLUDE.CHECK_CMDLINE_CMD@WINDOWS

:CASE "UNIX"
execcode=$?
if [ $execcode -eq 0 ]
then
:  INC PCK.ITPA_SHARED.PRV.INCLUDE.LOGGING.INFO
  echo
else
:  INC PCK.ITPA_SHARED.PRV.INCLUDE.LOGGING.ERROR
  echo
fi
if [ "$execcode" -ne "0" ]
then
    exit $execcode
fi
:OTHER
:ENDSWITCH]]></MSCRI>
</SCRIPT>
<DOCU_Docu state="1" type="text">
<DOC/>
</DOCU_Docu>
</JOBI>
<JOBS_UNIX AttrType="UNIX" name="PCK.CUSTOM_EXECUTE_LEGACY_SSIS_PACKAGES.PRV.JOB.EXECUTE_LEGACY_SSIS_PACKAGE@UNIX">
<XHEADER state="1">
<Title/>
<ArchiveKey1/>
<ArchiveKey2/>
<Active>1</Active>
<OH_SubType/>
<CustomAttributes KeyListID="0" dataRequestID="0"/>
</XHEADER>
<OUTPUTREG state="1">
<FileReg/>
</OUTPUTREG>
<SYNCREF state="1">
<Syncs/>
</SYNCREF>
<ATTR_JOBS state="1">
<Queue>CLIENT_QUEUE</Queue>
<StartType/>
<HostDst>|&lt;UNIX&gt;|HOST</HostDst>
<HostATTR_Type>UNIX</HostATTR_Type>
<CodeName/>
<Login/>
<IntAccount/>
<ExtRepDef>1</ExtRepDef>
<ExtRepAll>0</ExtRepAll>
<ExtRepNone>0</ExtRepNone>
<AutoDeactNo>1</AutoDeactNo>
<AutoDeact1ErrorFree>0</AutoDeact1ErrorFree>
<AutoDeactErrorFree>0</AutoDeactErrorFree>
<DeactWhen/>
<DeactDelay>0</DeactDelay>
<AutoDeactAlways>0</AutoDeactAlways>
<AttDialog>0</AttDialog>
<ActAtRun>1</ActAtRun>
<Consumption>0</Consumption>
<UC4Priority>0</UC4Priority>
<MaxParallel2>0</MaxParallel2>
<MpElse1>1</MpElse1>
<MpElse2>0</MpElse2>
<TZ/>
</ATTR_JOBS>
<ATTR_UNIX state="1">
<OutputDb>1</OutputDb>
<OutputDbErr>0</OutputDbErr>
<OutputFile>0</OutputFile>
<ShellScript>1</ShellScript>
<Command>0</Command>
<Priority>0</Priority>
<Shell/>
<ShellOptions/>
<Com/>
</ATTR_UNIX>
<RUNTIME state="1">
<MaxRetCode>0</MaxRetCode>
<MrcExecute/>
<MrcElseE>0</MrcElseE>
<FcstStatus>0| |</FcstStatus>
<Ert>0</Ert>
<ErtMethodDef>1</ErtMethodDef>
<ErtMethodFix>0</ErtMethodFix>
<ErtFix>0</ErtFix>
<ErtDynMethod>2|Average</ErtDynMethod>
<ErtMethodDyn>0</ErtMethodDyn>
<ErtCnt>0</ErtCnt>
<ErtCorr>0</ErtCorr>
<ErtIgn>0</ErtIgn>
<ErtIgnFlg>0</ErtIgnFlg>
<ErtMinCnt>0</ErtMinCnt>
<MrtMethodNone>1</MrtMethodNone>
<MrtMethodFix>0</MrtMethodFix>
<MrtFix>0</MrtFix>
<MrtMethodErt>0</MrtMethodErt>
<MrtErt>0</MrtErt>
<MrtMethodDate>0</MrtMethodDate>
<MrtDays>0</MrtDays>
<MrtTime>00:00</MrtTime>
<MrtTZ/>
<SrtMethodNone>1</SrtMethodNone>
<SrtMethodFix>0</SrtMethodFix>
<SrtFix>0</SrtFix>
<SrtMethodErt>0</SrtMethodErt>
<SrtErt>0</SrtErt>
<MrtCancel>0</MrtCancel>
<MrtExecute>0</MrtExecute>
<MrtExecuteObj/>
</RUNTIME>
<DYNVALUES state="1">
<dyntree>
<node content="1" id="VALUE" name="Variables" parent="" type="VALUE">
<VALUE state="1">
<Values/>
<Mode>0</Mode>
</VALUE>
</node>
</dyntree>
</DYNVALUES>
<ROLLBACK state="1">
<RollbackFlag>0</RollbackFlag>
<CBackupObj/>
<CRollbackObj/>
<FBackupPath/>
<FDeleteBefore>0</FDeleteBefore>
<FInclSubDirs>0</FInclSubDirs>
</ROLLBACK>
<PRE_SCRIPT mode="1" replacementmode="1" state="1">
<PSCRI><![CDATA[:INCLUDE PCK.ITPA_SHARED.PRV.INCLUDE.PREPARE_JOB]]></PSCRI>
</PRE_SCRIPT>
<SCRIPT mode="1" state="1">
<MSCRI/>
</SCRIPT>
<OUTPUTSCAN state="1">
<Inherit>N</Inherit>
<filterobjects/>
<HostFsc/>
<LoginFsc/>
</OUTPUTSCAN>
<POST_SCRIPT mode="1" replacementmode="1" state="1">
<OSCRI/>
</POST_SCRIPT>
<DOCU_Docu state="1" type="text">
<DOC/>
</DOCU_Docu>
</JOBS_UNIX>
<JOBS_WINDOWS AttrType="WINDOWS" name="PCK.CUSTOM_EXECUTE_LEGACY_SSIS_PACKAGES.PRV.JOB.EXECUTE_LEGACY_SSIS_PACKAGE@WINDOWS">
<XHEADER state="1">
<Title/>
<ArchiveKey1/>
<ArchiveKey2/>
<Active>1</Active>
<OH_SubType/>
<CustomAttributes KeyListID="0" dataRequestID="0"/>
</XHEADER>
<OUTPUTREG state="1">
<FileReg/>
</OUTPUTREG>
<SYNCREF state="1">
<Syncs/>
</SYNCREF>
<ATTR_JOBS state="1">
<Queue>CLIENT_QUEUE</Queue>
<StartType/>
<HostDst>|&lt;WIN&gt;|HOST</HostDst>
<HostATTR_Type>WINDOWS</HostATTR_Type>
<CodeName/>
<Login/>
<IntAccount/>
<ExtRepDef>1</ExtRepDef>
<ExtRepAll>0</ExtRepAll>
<ExtRepNone>0</ExtRepNone>
<AutoDeactNo>0</AutoDeactNo>
<AutoDeact1ErrorFree>1</AutoDeact1ErrorFree>
<AutoDeactErrorFree>0</AutoDeactErrorFree>
<DeactWhen>ANY_OK</DeactWhen>
<DeactDelay>0</DeactDelay>
<AutoDeactAlways>0</AutoDeactAlways>
<AttDialog>0</AttDialog>
<ActAtRun>1</ActAtRun>
<Consumption>0</Consumption>
<UC4Priority>0</UC4Priority>
<MaxParallel2>0</MaxParallel2>
<MpElse1>1</MpElse1>
<MpElse2>0</MpElse2>
<TZ/>
</ATTR_JOBS>
<ATTR_WINDOWS state="1">
<OutputDb>1</OutputDb>
<OutputDbErr>0</OutputDbErr>
<OutputFile>0</OutputFile>
<IsGenerated>0</IsGenerated>
<BAT>1</BAT>
<COM>0</COM>
<WinBatch>0</WinBatch>
<Standard>1</Standard>
<Minimized>0</Minimized>
<Maximized>0</Maximized>
<JObjDefault>1</JObjDefault>
<JObjYes>0</JObjYes>
<JObjNo>0</JObjNo>
<WorkingDirectory>c:\</WorkingDirectory>
<Command/>
<LogOn>1</LogOn>
<ShowJob>0</ShowJob>
</ATTR_WINDOWS>
<RUNTIME state="1">
<MaxRetCode>0</MaxRetCode>
<MrcExecute/>
<MrcElseE>0</MrcElseE>
<FcstStatus>0| |</FcstStatus>
<Ert>1</Ert>
<ErtMethodDef>1</ErtMethodDef>
<ErtMethodFix>0</ErtMethodFix>
<ErtFix>0</ErtFix>
<ErtDynMethod>2|Average</ErtDynMethod>
<ErtMethodDyn>0</ErtMethodDyn>
<ErtCnt>0</ErtCnt>
<ErtCorr>0</ErtCorr>
<ErtIgn>0</ErtIgn>
<ErtIgnFlg>0</ErtIgnFlg>
<ErtMinCnt>0</ErtMinCnt>
<MrtMethodNone>1</MrtMethodNone>
<MrtMethodFix>0</MrtMethodFix>
<MrtFix>0</MrtFix>
<MrtMethodErt>0</MrtMethodErt>
<MrtErt>0</MrtErt>
<MrtMethodDate>0</MrtMethodDate>
<MrtDays>0</MrtDays>
<MrtTime>00:00</MrtTime>
<MrtTZ/>
<SrtMethodNone>1</SrtMethodNone>
<SrtMethodFix>0</SrtMethodFix>
<SrtFix>0</SrtFix>
<SrtMethodErt>0</SrtMethodErt>
<SrtErt>0</SrtErt>
<MrtCancel>0</MrtCancel>
<MrtExecute>0</MrtExecute>
<MrtExecuteObj/>
</RUNTIME>
<DYNVALUES state="1">
<dyntree>
<node content="1" id="VALUE" name="Variables" parent="" type="VALUE">
<VALUE state="1">
<Values/>
<Mode>0</Mode>
</VALUE>
</node>
</dyntree>
</DYNVALUES>
<ROLLBACK state="1">
<RollbackFlag>0</RollbackFlag>
<CBackupObj/>
<CRollbackObj/>
<FBackupPath/>
<FDeleteBefore>0</FDeleteBefore>
<FInclSubDirs>0</FInclSubDirs>
</ROLLBACK>
<PRE_SCRIPT mode="1" replacementmode="1" state="1">
<PSCRI><![CDATA[:INCLUDE PCK.ITPA_SHARED.PRV.INCLUDE.PREPARE_JOB]]></PSCRI>
</PRE_SCRIPT>
<SCRIPT mode="1" state="1">
<MSCRI><![CDATA[!--------------------------------------------------------------------------------------------------------------------------------------------------
! Henrik Westrell, CA Automic Software 2018
! Solutions, Templates, Actions and other content available on the Automic Marketplace subject to the Automic [Developers Distribution License]
! https://marketplace.automic.com/developers-distribution-license
! Automic does not support, maintain or warrant any content submitted by the Automic-Community.
!--------------------------------------------------------------------------------------------------------------------------------------------------
@echo off

!------------------------------------------ Echo Parameter Values & Buidling cli arguments ---------------------------------------------------------
:inc PCK.ITPA_SHARED.PRV.INCLUDE.LOGGING.HEADER.PARAM_VALIDATION

! --------------------------- Source & PKG----------------
:SET &SSIS_SOURCE_PARAM# = ""
:SET &SSIS_PKG_T# = STR_TRIM(&SSIS_PKG#)
:SET &SSIS_PKG_T# =  STR_CAT('"\"', &SSIS_PKG_T#)
:SET &SSIS_PKG_T# =  STR_CAT(&SSIS_PKG_T#, '\""')
:IF &SSIS_SOURCE# = "SSIS Package Store"
:  SET &SSIS_SOURCE_PARAM# = "-DTS  &SSIS_PKG_T#"
:Else
:  IF &SSIS_SOURCE# = "SQL Server"
:    SET &SSIS_SOURCE_PARAM# = "-SQL &SSIS_PKG_T#"
:  ELSE
:    IF &SSIS_SOURCE# = "File System"
:      SET &SSIS_SOURCE_PARAM# = "-File &SSIS_PKG_T#"
:    ENDIF
:  ENDIF
:ENDIF
:set &UC4RB_LOGGING_PARAMETER# = "Package PARAM"
:set &UC4RB_LOGGING_PARAMETER_VAL# = &SSIS_SOURCE_PARAM#
:inc PCK.ITPA_SHARED.PRV.INCLUDE.LOGGING.PARAM

! --------------------------- Server ----------------
:SET &SSIS_SERVER_PARAM# = ""
:IF &SSIS_SERVER# <> ""
:  SET  &SSIS_SERVER_PARAM# = " -Server &SSIS_SERVER#"
:ENDIF
:set &UC4RB_LOGGING_PARAMETER# = "SSIS Server"
:set &UC4RB_LOGGING_PARAMETER_VAL# = &SSIS_SERVER_PARAM#
:inc PCK.ITPA_SHARED.PRV.INCLUDE.LOGGING.PARAM


! --------------------------- CheckPointing ----------------
:SET &SSIS_CheckPointing_PARAM# = ""
:IF &SSIS_CheckPointing# <> ""
:  SET  &SSIS_CheckPointing_PARAM# = " -CheckPointing &SSIS_CheckPointing#"
:ENDIF
:set &UC4RB_LOGGING_PARAMETER# = "CheckPointing"
:set &UC4RB_LOGGING_PARAMETER_VAL# = &SSIS_CheckPointing#
:inc PCK.ITPA_SHARED.PRV.INCLUDE.LOGGING.PARAM

! --------------------------- Other Parameters ----------------
:set &UC4RB_LOGGING_PARAMETER# = "Other Parameters"
:set &UC4RB_LOGGING_PARAMETER_VAL# = &SSIS_Other#
:inc PCK.ITPA_SHARED.PRV.INCLUDE.LOGGING.PARAM

! --------------------------- Reporting ----------------
:SET &SSIS_REPORTING_PARAM# = ""
:IF &SSIS_REPORTING# = "Verbose"
!:  Set &SSIS_REPORTING# = STR_SUB(&SSIS_REPORTING#, ";","")
:  SET  &SSIS_REPORTING_PARAM# = " -Reporting V"
:ELSE
:  IF &SSIS_REPORTING# = "None"
:    SET  &SSIS_REPORTING_PARAM# = " -Reporting N"
:  ENDIF
:ENDIF
:set &UC4RB_LOGGING_PARAMETER# = "Reporting"
:set &UC4RB_LOGGING_PARAMETER_VAL# = &SSIS_REPORTING#
:inc PCK.ITPA_SHARED.PRV.INCLUDE.LOGGING.PARAM

! --------------------------- ConsoleLog ----------------
:SET &SSIS_ConsoleLog_PARAM# = ""
:IF &SSIS_ConsoleLog# = "on"
:  SET  &SSIS_ConsoleLog_PARAM# = " -ConsoleLog"
:ENDIF
:set &UC4RB_LOGGING_PARAMETER# = "ConsoleLog"
:set &UC4RB_LOGGING_PARAMETER_VAL# = &SSIS_ConsoleLog#
:inc PCK.ITPA_SHARED.PRV.INCLUDE.LOGGING.PARAM


:set &CMD# ="dtexec &SSIS_SOURCE_PARAM#&SSIS_SERVER_PARAM#&SSIS_REPORTING_PARAM#&SSIS_CheckPointing_PARAM#&SSIS_ConsoleLog_PARAM# &SSIS_Other#"
echo  EXEC: &CMD#
echo.
call &CMD#

!------------------------------------------ Logging -----------------------------------------------------------------------------------------------
: SET &UC4RB_LOGGING_INFO# = "******** dtexec command ended OK ********"
: SET &UC4RB_LOGGING_ERROR# = "******** dtexec command Failed ********"
:inc PCK.CUSTOM_EXECUTE_LEGACY_SSIS.POSTEXE.INC



]]></MSCRI>
</SCRIPT>
<OUTPUTSCAN state="1">
<Inherit>N</Inherit>
<filterobjects/>
<HostFsc/>
<LoginFsc/>
</OUTPUTSCAN>
<POST_SCRIPT mode="1" replacementmode="1" state="1">
<OSCRI><![CDATA[:set &ErrorMessage# = ""
:SET &STATUS# = GET_UC_OBJECT_STATUS(,,"RETCODE")
:print "Post-Process: RETCODE = &STATUS#"

:SWITCH &STATUS#
:Case  1
:  set &ErrorMessage# = "The package failed."
:Case  3
:  set &ErrorMessage# = "The package was canceled by the user."
:Case  4
:  set &ErrorMessage# = "The utility was unable to locate the requested package. The package could not be found."
:Case  5
:  set &ErrorMessage# = "The utility was unable to load the requested package. The package could not be loaded."
:Case  6
:  set &ErrorMessage# = "The utility encountered an internal error of syntactic or semantic errors in the command line."
:ENDSWITCH

:If &ErrorMessage# <> ""
:  MODIFY_STATE STATUS_TEXT = &ErrorMessage#
:  Publish &ErrorMessage#,,WORKFLOW
:Endif

]]></OSCRI>
</POST_SCRIPT>
<DOCU_Docu state="1" type="text">
<DOC/>
</DOCU_Docu>
</JOBS_WINDOWS>
<PRPT name="PCK.CUSTOM_EXECUTE_LEGACY_SSIS_PACKAGES.PRV.PROMPTSET.EXECUTE_LEGACY_SSIS_PACKAGE">
<HEADER state="1">
<Title>Input</Title>
<ArchiveKey1/>
<ArchiveKey2/>
<OH_SubType/>
</HEADER>
<PROMPTDESIGNER state="1">
<DESIGNER/>
</PROMPTDESIGNER>
<PROMPTSETXUI state="1">
<XUIEDITOR><![CDATA[<dialog height="424" icon="PRPT" id="PRPTS" left="279" top="4" width="441"><readpanel fill="b" id="PRPTBOX" nl="1" scroll="v" text="SSIS Package Execution Parameters"><properties><entry name="text">SSIS Package Execution Parameters</entry><entry name="modifiable">0</entry></properties><combo alt="1" dynamic="0" enabled="1" fill="b" filter="0" focus="0" id="SSIS_SOURCEs.00" nl="1" quotes="" strict="1" text="Package Source" tooltip="Select the package storage location" vtype="i"><command request="_internal" target="_view" targetaction="setAttribute" targetparam="promptname|@id"/><command owner="_self" owneraction="setsource" ownerparam="src|_dialog@src"/><command owner="_promptsetcontainer" owneraction="getData" request="getpromptcombolist" target="_self" targetaction="setlist" wait="0"/><properties><entry listparam="C" name="reference" reftype="STATIC">PCK.CUSTOM_EXECUTE_LEGACY_SSIS.PRST.SOURCE.VARA</entry><entry name="text">Package Source</entry><entry name="quotes"/><entry name="id">SSIS_SOURCEs.00</entry><entry name="enabled">0</entry><entry name="focus">0</entry><entry name="tooltip">Select the package storage location</entry><entry name="dynamic">0</entry><entry name="customfield"/><entry name="xmlkey"/><entry name="xmlpath"/><entry name="modifiable">1</entry><entry name="initvalue"/><entry name="onchangereset"/><entry name="resetable">1</entry></properties></combo><text alt="1" enabled="1" fill="b" focus="0" id="SSIS_SERVERs.00" inputassistance="0" len="" multiline="0" multilineIcon="0" nl="1" regex="" required="0" separator=";" showaspassword="0" text="Server" tooltip="This option specifies the name of the server from which to retrieve the package. If you omit the option, package execution is tried against the local server" upper="0"><oninputassistant><command request="_internal" target="_view" targetaction="setAttribute" targetparam="promptname|@id"/><command request="_internal" target="_view" targetaction="setAttribute" targetparam="promptvalue|@value"/><command owner="_promptsetcontainer" owneraction="getData" request="getpromptinputassistance" target="_chainwindow"/></oninputassistant><properties><entry listparam="C" name="reference" reftype="STATIC">UC_DATATYPE_STRING</entry><entry name="text">Server</entry><entry name="multiselect">0</entry><entry name="separator">;</entry><entry name="len"/><entry name="quotes"/><entry name="id">SSIS_SERVERs.00</entry><entry name="inputassistance">0</entry><entry name="enabled">0</entry><entry name="upper">0</entry><entry name="focus">0</entry><entry name="showaspassword">0</entry><entry name="tooltip">This option specifies the name of the server from which to retrieve the package. If you omit the option, package execution is tried against the local server</entry><entry name="customfield"/><entry name="xmlkey"/><entry name="xmlpath"/><entry name="modifiable">1</entry><entry name="multiline">0</entry><entry name="multilineIcon">0</entry><entry name="regex"/><entry name="required">0</entry><entry name="initvalue"/><entry name="onchangereset"/><entry name="resetable">1</entry></properties></text><text alt="1" enabled="1" fill="b" focus="0" id="SSIS_PKGs.00" inputassistance="0" len="" multiline="0" multilineIcon="0" nl="1" regex="" resetable="1" separator=";" showaspassword="0" text="Package Path" tooltip="Loads a package from the SSIS Package Store, SQL Server(msdb) or file system, and are deployed using the legacy package deployment mode" upper="0" required="0"><oninputassistant><command request="_internal" target="_view" targetaction="setAttribute" targetparam="promptname|@id"/><command request="_internal" target="_view" targetaction="setAttribute" targetparam="promptvalue|@value"/><command owner="_promptsetcontainer" owneraction="getData" request="getpromptinputassistance" target="_chainwindow"/></oninputassistant><properties><entry listparam="C" name="reference" reftype="STATIC">UC_DATATYPE_STRING</entry><entry name="text">Package Path</entry><entry name="multiselect">0</entry><entry name="separator">;</entry><entry name="len"/><entry name="quotes"/><entry name="id">SSIS_PKGs.00</entry><entry name="inputassistance">0</entry><entry name="enabled">0</entry><entry name="upper">0</entry><entry name="focus">0</entry><entry name="showaspassword">0</entry><entry name="tooltip">Loads a package from the SSIS Package Store, SQL Server(msdb) or file system, and are deployed using the legacy package deployment mode</entry><entry name="customfield"/><entry name="xmlkey"/><entry name="xmlpath"/><entry name="modifiable">1</entry><entry name="multiline">0</entry><entry name="multilineIcon">0</entry><entry name="regex"/><entry name="required">1</entry><entry name="resetable">1</entry><entry name="initvalue"/><entry name="onchangereset"/></properties></text><combo alt="1" dynamic="0" enabled="1" fill="b" filter="0" focus="0" id="SSIS_CHECKPOINTINGs.00" nl="1" quotes="" strict="1" text="Check Pointing" tooltip="determines whether the package will use checkpoints during package execution. The value on specifies that a failed package is to be rerun. When the failed package is rerun, the run-time engine uses the checkpoint file to restart the package from the point of failure. " vtype="i"><command request="_internal" target="_view" targetaction="setAttribute" targetparam="promptname|@id"/><command owner="_self" owneraction="setsource" ownerparam="src|_dialog@src"/><command owner="_promptsetcontainer" owneraction="getData" request="getpromptcombolist" target="_self" targetaction="setlist" wait="0"/><properties><entry listparam="C" name="reference" reftype="STATIC">PCK.CUSTOM_EXECUTE_LEGACY_SSIS.PRST.ONOFF.VARA</entry><entry name="text">Check Pointing</entry><entry name="quotes"/><entry name="id">SSIS_CHECKPOINTINGs.00</entry><entry name="enabled">0</entry><entry name="focus">0</entry><entry name="tooltip">determines whether the package will use checkpoints during package execution. The value on specifies that a failed package is to be rerun. When the failed package is rerun, the run-time engine uses the checkpoint file to restart the package from the point of failure. </entry><entry name="dynamic">0</entry><entry name="customfield"/><entry name="xmlkey"/><entry name="xmlpath"/><entry name="modifiable">1</entry><entry name="initvalue"/><entry name="onchangereset"/><entry name="resetable">1</entry></properties></combo><text alt="1" enabled="1" fill="b" focus="0" id="SSIS_OTHERs.00" inputassistance="0" len="" multiline="1" multilineIcon="0" nl="1" regex="" required="0" separator=";" showaspassword="0" text="Other Parameters" tooltip="Specify any other dtexec utility parameters, freetext. example /Validate " upper="0"><oninputassistant><command request="_internal" target="_view" targetaction="setAttribute" targetparam="promptname|@id"/><command request="_internal" target="_view" targetaction="setAttribute" targetparam="promptvalue|@value"/><command owner="_promptsetcontainer" owneraction="getData" request="getpromptinputassistance" target="_chainwindow"/></oninputassistant><properties><entry listparam="C" name="reference" reftype="STATIC">UC_DATATYPE_STRING</entry><entry name="text">Other Parameters</entry><entry name="multiselect">0</entry><entry name="separator">;</entry><entry name="len"/><entry name="quotes"/><entry name="id">SSIS_OTHERs.00</entry><entry name="inputassistance">0</entry><entry name="enabled">0</entry><entry name="upper">0</entry><entry name="focus">0</entry><entry name="showaspassword">0</entry><entry name="tooltip">Specify any other dtexec utility parameters, freetext. example /Validate </entry><entry name="customfield"/><entry name="xmlkey"/><entry name="xmlpath"/><entry name="modifiable">1</entry><entry name="multiline">1</entry><entry name="multilineIcon">0</entry><entry name="regex"/><entry name="required">0</entry><entry name="initvalue"/><entry name="onchangereset"/><entry name="resetable">1</entry></properties></text><label fill="b" id="LABEL1s.00" nl="1" text="Log Options" tooltip="" alt="0"><properties><entry name="id">LABEL1s.00</entry><entry name="tooltip"/><entry name="customfield"/><entry name="modifiable">1</entry><entry name="text">Log Options</entry></properties></label><dynradiogroup alt="1" enabled="1" fill="b" focus="0" id="SSIS_REPORTINGs.00" nl="1" quotes="" text="Reporting" tooltip="default level is E (errors), W (warnings), and P (progress)" required="0"><properties><entry listparam="C" name="reference" reftype="STATIC">PCK.CUSTOM_EXECUTE_LEGACY_SSIS.PRST.REPORTING.VARA</entry><entry name="text">Reporting</entry><entry name="quotes"/><entry name="id">SSIS_REPORTINGs.00</entry><entry name="enabled">0</entry><entry name="focus">0</entry><entry name="tooltip">default level is E (errors), W (warnings), and P (progress)</entry><entry name="customfield"/><entry name="modifiable">1</entry><entry name="xmlkey"/><entry name="xmlpath"/><entry name="initvalue"/></properties></dynradiogroup><combo alt="1" dynamic="0" enabled="1" fill="b" filter="0" focus="0" id="SSIS_CONSOLELOGs.00" nl="1" quotes="" strict="1" text="ConsoleLog" tooltip="If this option is off, no log entries are shown in the console. If the option is on every log entry will display" vtype="i"><command request="_internal" target="_view" targetaction="setAttribute" targetparam="promptname|@id"/><command owner="_self" owneraction="setsource" ownerparam="src|_dialog@src"/><command owner="_promptsetcontainer" owneraction="getData" request="getpromptcombolist" target="_self" targetaction="setlist" wait="0"/><properties><entry listparam="C" name="reference" reftype="STATIC">PCK.CUSTOM_EXECUTE_LEGACY_SSIS.PRST.ONOFF.VARA</entry><entry name="text">ConsoleLog</entry><entry name="quotes"/><entry name="id">SSIS_CONSOLELOGs.00</entry><entry name="enabled">0</entry><entry name="focus">0</entry><entry name="tooltip">If this option is off, no log entries are shown in the console. If the option is on every log entry will display</entry><entry name="dynamic">0</entry><entry name="customfield"/><entry name="xmlkey"/><entry name="xmlpath"/><entry name="modifiable">1</entry><entry name="initvalue"/><entry name="onchangereset"/><entry name="resetable">1</entry></properties></combo></readpanel></dialog>]]></XUIEDITOR>
</PROMPTSETXUI>
<PROMPTSETDATA state="1">
<DATAEDITOR><![CDATA[<PRPTS ontop="1"><PRPTBOX><SSIS_SOURCEs.00 haslist="0" msgnr="-1" msginsert="" altview="0" promptname="SSIS_SOURCE#" ReadFromTable="OPSE">SSIS Package Store</SSIS_SOURCEs.00><SSIS_SERVERs.00 haslist="0" msgnr="-1" msginsert="" altview="0" promptname="SSIS_SERVER#" ReadFromTable="OPSE"></SSIS_SERVERs.00><SSIS_PKGs.00 haslist="0" msgnr="-1" msginsert="" altview="0" promptname="SSIS_PKG#" ReadFromTable="OPSE"></SSIS_PKGs.00><SSIS_CHECKPOINTINGs.00 haslist="0" msgnr="-1" msginsert="" altview="0" promptname="SSIS_CHECKPOINTING#" ReadFromTable="OPSE">off</SSIS_CHECKPOINTINGs.00><SSIS_OTHERs.00 haslist="0" msgnr="-1" msginsert="" altview="0" promptname="SSIS_OTHER#" ReadFromTable="OPSE"></SSIS_OTHERs.00><SSIS_REPORTINGs.00 haslist="0" msgnr="-1" msginsert="" altview="0" promptname="SSIS_REPORTING#" ReadFromTable="OPSE">Default</SSIS_REPORTINGs.00><SSIS_CONSOLELOGs.00 haslist="0" msgnr="-1" msginsert="" altview="0" promptname="SSIS_CONSOLELOG#" ReadFromTable="OPSE">off</SSIS_CONSOLELOGs.00></PRPTBOX></PRPTS>]]></DATAEDITOR>
</PROMPTSETDATA>
<DOCU_Docu state="1" type="text">
<DOC/>
</DOCU_Docu>
</PRPT>
<VARA OVD_VRName="FREI" data_type="STATIC" name="PCK.CUSTOM_EXECUTE_LEGACY_SSIS.PRST.SOURCE.VARA" replacementmode="2">
<HEADER state="1">
<Title/>
<ArchiveKey1/>
<ArchiveKey2/>
<OH_SubType>STATIC</OH_SubType>
</HEADER>
<ATTR_VARA state="1">
<Type>C|Text</Type>
<lblSource>Static</lblSource>
<source>STATIC</source>
<VRName>FREI|Freely selected</VRName>
<NotFoundErr>0</NotFoundErr>
<NotFoundDef>1</NotFoundDef>
<ShareN>0</ShareN>
<ShareL>0</ShareL>
<ShareR>0</ShareR>
<MaxValue_C>1024</MaxValue_C>
<CheckMax_C>0</CheckMax_C>
<uppercase>0</uppercase>
<sortColumn>0</sortColumn>
<sortDirection>0</sortDirection>
<HostType/>
</ATTR_VARA>
<VARA state="1">
<Variables>
<row Name="File System" Value="File System" Value1="" Value2="" Value3="" Value4=""/>
<row Name="SQL Server" Value="SQL Server" Value1="" Value2="" Value3="" Value4=""/>
<row Name="SSIS Package Store" Value="SSIS Package Store" Value1="" Value2="" Value3="" Value4=""/>
</Variables>
</VARA>
<DOCU_Docu state="1" type="text">
<DOC/>
</DOCU_Docu>
</VARA>
<VARA OVD_VRName="FREI" data_type="STATIC" name="PCK.CUSTOM_EXECUTE_LEGACY_SSIS.PRST.REPORTING.VARA" replacementmode="2">
<HEADER state="1">
<Title/>
<ArchiveKey1/>
<ArchiveKey2/>
<OH_SubType>STATIC</OH_SubType>
</HEADER>
<ATTR_VARA state="1">
<Type>C|Text</Type>
<lblSource>Static</lblSource>
<source>STATIC</source>
<VRName>FREI|Freely selected</VRName>
<NotFoundErr>0</NotFoundErr>
<NotFoundDef>1</NotFoundDef>
<ShareN>0</ShareN>
<ShareL>0</ShareL>
<ShareR>0</ShareR>
<MaxValue_C>1024</MaxValue_C>
<CheckMax_C>0</CheckMax_C>
<uppercase>0</uppercase>
<sortColumn>0</sortColumn>
<sortDirection>0</sortDirection>
<HostType/>
</ATTR_VARA>
<VARA state="1">
<Variables>
<row Name="1" Value="Default" Value1="" Value2="" Value3="" Value4=""/>
<row Name="2" Value="Verbose" Value1="" Value2="" Value3="" Value4=""/>
<row Name="3" Value="None" Value1="" Value2="" Value3="" Value4=""/>
</Variables>
</VARA>
<DOCU_Docu state="1" type="text">
<DOC/>
</DOCU_Docu>
</VARA>
<VARA OVD_VRName="FREI" data_type="STATIC" name="PCK.CUSTOM_EXECUTE_LEGACY_SSIS.PRST.ONOFF.VARA" replacementmode="2">
<HEADER state="1">
<Title/>
<ArchiveKey1/>
<ArchiveKey2/>
<OH_SubType>STATIC</OH_SubType>
</HEADER>
<ATTR_VARA state="1">
<Type>C|Text</Type>
<lblSource>Static</lblSource>
<source>STATIC</source>
<VRName>FREI|Freely selected</VRName>
<NotFoundErr>0</NotFoundErr>
<NotFoundDef>1</NotFoundDef>
<ShareN>0</ShareN>
<ShareL>0</ShareL>
<ShareR>0</ShareR>
<MaxValue_C>1024</MaxValue_C>
<CheckMax_C>0</CheckMax_C>
<uppercase>0</uppercase>
<sortColumn>0</sortColumn>
<sortDirection>0</sortDirection>
<HostType/>
</ATTR_VARA>
<VARA state="1">
<Variables>
<row Name="off" Value="off" Value1="" Value2="" Value3="" Value4=""/>
<row Name="on" Value="on" Value1="" Value2="" Value3="" Value4=""/>
</Variables>
</VARA>
<DOCU_Docu state="1" type="text">
<DOC/>
</DOCU_Docu>
</VARA>
</uc-export>
